Handle,Title,Body (HTML),Vendor,Product Category,Type,Tags,Published,Option1 Name,Option1 Value,Option2 Name,Option2 Value,Option3 Name,Option3 Value,Variant SKU,Variant Grams,Variant Inventory Tracker,Variant Inventory Qty,Variant Inventory Policy,Variant Fulfillment Service,Variant Price,Variant Compare At Price,Variant Requires Shipping,Variant Taxable,Variant Barcode,Image Src,Image Position,Image Alt Text,Gift Card,SEO Title,SEO Description,Status
triple-big-blue-whole-house-water-filter-20-x-4-5-3-stage,"Triple Big Blue Whole House Water Filter — 20"" x 4.5"" (3 Stage)","<p>Point-of-entry whole-house filtration that treats every outlet in your home — kitchen, bathrooms, laundry and garden. Protects plumbing and appliances, reduces chlorine taste, and captures sediment from town water, rain tanks and bore supplies.</p><h3>Specifications</h3><ul><li><strong>3-stage filtration</strong></li><li><strong>Housing size:</strong> 20&quot; x 4.5&quot; (standard Australian sizing)</li><li><strong>Filtration rating:</strong> 5 micron</li><li><strong>Reduces:</strong> sediment, chlorine, heavy metals, taste &amp; odour</li><li><strong>Certifications:</strong> WaterMark</li><li><strong>Finish:</strong> Brushed Nickel, Stainless Steel</li></ul><h3>Why this filter</h3><ul><li>Softer water for showering and washing</li><li>Reduced chlorine taste and smell from every tap</li><li>Protects hot-water systems and washing machines from sediment damage</li><li>Standard 10&quot; or 20&quot; Big Blue cartridge housings — cartridges available Australia-wide</li><li>Best paired with an under-sink RO system for drinking water</li></ul><h3>Installation</h3><p>Installed at your mains-water point-of-entry by a licensed plumber. Standard whole-house installs take 2–4 hours.</p>",Enviro Aqua,Home & Garden > Kitchen & Dining > Kitchen Appliances > Water Filters,Water Filter,"20 x 4.5 cartridge, whole house water filter, 3 stage filter, bore water filter, watermark certified, australia",TRUE,Title,Default Title,,,,,EA-WF-WH-016,14000,shopify,10,deny,manual,1299.95,,TRUE,TRUE,,https://enviroaqua.com.au/wp-content/uploads/2025/05/WM-3-St-WH-BB.png,1,"Triple Big Blue Whole House Water Filter — 20"" x 4.5"" (3 Stage)",FALSE,"Triple Big Blue Whole House Water Filter — 20"" x… | Enviro Aqua","Treat every tap in your home — whole-house filtration for town, tank and bore water. 3-stage, 20"" x 4.5"". Shop Enviro Aqua — Australia-wide delivery.",active
triple-big-blue-whole-house-water-filter-20-x-4-5-3-stage,,,,,,,,,,,,,,,,,,,,,,,,,https://enviroaqua.com.au/wp-content/uploads/2025/05/WM-3-St-WH-BB.png,2,"Triple Big Blue Whole House Water Filter — 20"" x 4.5"" (3 Stage)",,,,
triple-big-blue-whole-house-water-filter-20-x-4-5-3-stage,,,,,,,,,,,,,,,,,,,,,,,,,https://enviroaqua.com.au/wp-content/uploads/2025/05/WH-BB-3-Stainless.jpg-5.png,3,"Triple Big Blue Whole House Water Filter — 20"" x 4.5"" (3 Stage)",,,,
triple-big-blue-whole-house-water-filter-20-x-4-5-3-stage,,,,,,,,,,,,,,,,,,,,,,,,,https://enviroaqua.com.au/wp-content/uploads/2025/05/3-BB5.png,4,"Triple Big Blue Whole House Water Filter — 20"" x 4.5"" (3 Stage)",,,,
triple-big-blue-whole-house-water-filter-20-x-4-5-3-stage,,,,,,,,,,,,,,,,,,,,,,,,,https://enviroaqua.com.au/wp-content/uploads/2025/05/3-BB6.png-6.png,5,"Triple Big Blue Whole House Water Filter — 20"" x 4.5"" (3 Stage)",,,,
triple-big-blue-whole-house-water-filter-20-x-4-5-3-stage,,,,,,,,,,,,,,,,,,,,,,,,,https://enviroaqua.com.au/wp-content/uploads/2025/05/WM-3-St-WH-BB.png-7.png,6,"Triple Big Blue Whole House Water Filter — 20"" x 4.5"" (3 Stage)",,,,
deluxe-stainless-steel-lockable-whole-house-water-filter-3-stage-big-blue,Deluxe Stainless Steel Lockable Whole House Water Filter — 3 Stage Big Blue,"<p>Point-of-entry whole-house filtration that treats every outlet in your home — kitchen, bathrooms, laundry and garden. Protects plumbing and appliances, reduces chlorine taste, and captures sediment from town water, rain tanks and bore supplies.</p><h3>Specifications</h3><ul><li><strong>Filtration rating:</strong> 5 micron</li><li><strong>Filtration media:</strong> Sediment (PP)</li><li><strong>Reduces:</strong> sediment, chlorine, taste &amp; odour</li><li><strong>Finish:</strong> Stainless Steel</li></ul><h3>Why this filter</h3><ul><li>Softer water for showering and washing</li><li>Reduced chlorine taste and smell from every tap</li><li>Protects hot-water systems and washing machines from sediment damage</li><li>Standard 10&quot; or 20&quot; Big Blue cartridge housings — cartridges available Australia-wide</li><li>Best paired with an under-sink RO system for drinking water</li></ul><h3>Installation</h3><p>Installed at your mains-water point-of-entry by a licensed plumber. Standard whole-house installs take 2–4 hours.</p>",Enviro Aqua,Home & Garden > Kitchen & Dining > Kitchen Appliances > Water Filters,Water Filter,"whole house water filter, australia",TRUE,Title,Default Title,,,,,EA-WF-WH-017,17000,shopify,10,deny,manual,1300.00,,TRUE,TRUE,,https://enviroaqua.com.au/wp-content/uploads/2025/05/3-Stainless-Steel-With-door-and-lock-3.jpg,1,Deluxe Stainless Steel Lockable Whole House Water Filter — 3 Stage Big Blue,FALSE,Deluxe Stainless Steel Lockable Whole House Water… | Enviro Aqua,"Treat every tap in your home — whole-house filtration for town, tank and bore water. Shop Enviro Aqua — Australia-wide delivery.",active
deluxe-stainless-steel-lockable-whole-house-water-filter-3-stage-big-blue,,,,,,,,,,,,,,,,,,,,,,,,,https://enviroaqua.com.au/wp-content/uploads/2025/05/3-Stainless-Steel-With-door-and-lock.jpg,2,Deluxe Stainless Steel Lockable Whole House Water Filter — 3 Stage Big Blue,,,,
deluxe-stainless-steel-lockable-whole-house-water-filter-3-stage-big-blue,,,,,,,,,,,,,,,,,,,,,,,,,https://enviroaqua.com.au/wp-content/uploads/2025/05/3-Stainless-Steel-With-door-and-lock-1-1.jpg,3,Deluxe Stainless Steel Lockable Whole House Water Filter — 3 Stage Big Blue,,,,
deluxe-stainless-steel-lockable-whole-house-water-filter-3-stage-big-blue,,,,,,,,,,,,,,,,,,,,,,,,,https://enviroaqua.com.au/wp-content/uploads/2025/05/05a4d1aa-4b38-48e4-a704-a86ebd940892.jpeg,4,Deluxe Stainless Steel Lockable Whole House Water Filter — 3 Stage Big Blue,,,,
twin-pack-polypropylene-sediment-cartridges-20-x-4-5-whole-house-5-micron,"Twin-Pack Polypropylene Sediment Cartridges — 20"" x 4.5"" Whole House (5 Micron)","<p>Point-of-entry whole-house filtration that treats every outlet in your home — kitchen, bathrooms, laundry and garden. Protects plumbing and appliances, reduces chlorine taste, and captures sediment from town water, rain tanks and bore supplies.</p><h3>Specifications</h3><ul><li><strong>Housing size:</strong> 20&quot; x 4.5&quot; (standard Australian sizing)</li><li><strong>Filtration rating:</strong> 5 micron</li><li><strong>Filtration media:</strong> Sediment (PP)</li><li><strong>Reduces:</strong> sediment</li></ul><h3>Why this filter</h3><ul><li>Softer water for showering and washing</li><li>Reduced chlorine taste and smell from every tap</li><li>Protects hot-water systems and washing machines from sediment damage</li><li>Standard 10&quot; or 20&quot; Big Blue cartridge housings — cartridges available Australia-wide</li><li>Best paired with an under-sink RO system for drinking water</li></ul><h3>Installation</h3><p>Installed at your mains-water point-of-entry by a licensed plumber. Standard whole-house installs take 2–4 hours.</p>",Enviro Aqua,Home & Garden > Kitchen & Dining > Kitchen Appliances > Water Filters,Water Filter,"20 x 4.5 cartridge, whole house water filter, australia",TRUE,Title,Default Title,,,,,EA-WF-WH-004,1200,shopify,10,deny,manual,79.95,,TRUE,TRUE,,https://enviroaqua.com.au/wp-content/uploads/2020/07/s-l1600-62.jpg,1,"Twin-Pack Polypropylene Sediment Cartridges — 20"" x 4.5"" Whole House (5 Micron)",FALSE,"Twin-Pack Polypropylene Sediment Cartridges — 20"" x… | Enviro Aqua","Treat every tap in your home — whole-house filtration for town, tank and bore water. Shop Enviro Aqua — Australia-wide delivery.",active
twin-pack-polypropylene-sediment-cartridges-20-x-4-5-whole-house-5-micron,,,,,,,,,,,,,,,,,,,,,,,,,https://enviroaqua.com.au/wp-content/uploads/2020/07/s-l1600-1-48.jpg,2,"Twin-Pack Polypropylene Sediment Cartridges — 20"" x 4.5"" Whole House (5 Micron)",,,,
twin-pack-polypropylene-sediment-cartridges-20-x-4-5-whole-house-5-micron,,,,,,,,,,,,,,,,,,,,,,,,,https://enviroaqua.com.au/wp-content/uploads/2020/07/s-l1600-2-27.jpg,3,"Twin-Pack Polypropylene Sediment Cartridges — 20"" x 4.5"" Whole House (5 Micron)",,,,
twin-big-blue-whole-house-water-filter-20-x-4-5-2-cartridge-set-bracket,"Twin Big Blue Whole House Water Filter — 20"" x 4.5"" (2-Cartridge Set + Bracket)","<p>Point-of-entry whole-house filtration that treats every outlet in your home — kitchen, bathrooms, laundry and garden. Protects plumbing and appliances, reduces chlorine taste, and captures sediment from town water, rain tanks and bore supplies.</p><h3>Specifications</h3><ul><li><strong>Housing size:</strong> 20&quot; x 4.5&quot; (standard Australian sizing)</li></ul><h3>Why this filter</h3><ul><li>Softer water for showering and washing</li><li>Reduced chlorine taste and smell from every tap</li><li>Protects hot-water systems and washing machines from sediment damage</li><li>Standard 10&quot; or 20&quot; Big Blue cartridge housings — cartridges available Australia-wide</li><li>Best paired with an under-sink RO system for drinking water</li></ul><h3>Installation</h3><p>Installed at your mains-water point-of-entry by a licensed plumber. Standard whole-house installs take 2–4 hours.</p>",Enviro Aqua,Home & Garden > Kitchen & Dining > Kitchen Appliances > Water Filters,Water Filter,"20 x 4.5 cartridge, whole house water filter, australia",TRUE,Title,Default Title,,,,,EA-WF-WH-005,10500,shopify,10,deny,manual,299.95,,TRUE,TRUE,,https://enviroaqua.com.au/wp-content/uploads/2021/09/Screenshot-2021-09-07-at-12.45.58-pm-1.png,1,"Twin Big Blue Whole House Water Filter — 20"" x 4.5"" (2-Cartridge Set + Bracket)",FALSE,"Twin Big Blue Whole House Water Filter — 20"" x 4.5""… | Enviro Aqua","Treat every tap in your home — whole-house filtration for town, tank and bore water. 20"" x 4.5"". Shop Enviro Aqua — Australia-wide delivery.",active
twin-big-blue-whole-house-water-filter-20-x-4-5-2-cartridge-set-bracket,,,,,,,,,,,,,,,,,,,,,,,,,https://enviroaqua.com.au/wp-content/uploads/2021/09/Screenshot-2021-09-07-at-12.45.58-pm-1.png,2,"Twin Big Blue Whole House Water Filter — 20"" x 4.5"" (2-Cartridge Set + Bracket)",,,,
whole-house-water-filter-1-stage-sediment-10-x-2-5,"Whole House Water Filter — 1 Stage Sediment (10"" x 2.5"")","<p>Point-of-entry whole-house filtration that treats every outlet in your home — kitchen, bathrooms, laundry and garden. Protects plumbing and appliances, reduces chlorine taste, and captures sediment from town water, rain tanks and bore supplies.</p><h3>Specifications</h3><ul><li><strong>1-stage filtration</strong></li><li><strong>Housing size:</strong> 10&quot; x 2.5&quot; (standard Australian sizing)</li><li><strong>Filtration rating:</strong> 5 micron</li><li><strong>Filtration media:</strong> Sediment (PP)</li><li><strong>Reduces:</strong> sediment, taste &amp; odour</li></ul><h3>Why this filter</h3><ul><li>Softer water for showering and washing</li><li>Reduced chlorine taste and smell from every tap</li><li>Protects hot-water systems and washing machines from sediment damage</li><li>Standard 10&quot; or 20&quot; Big Blue cartridge housings — cartridges available Australia-wide</li><li>Best paired with an under-sink RO system for drinking water</li></ul><h3>Installation</h3><p>Installed at your mains-water point-of-entry by a licensed plumber. Standard whole-house installs take 2–4 hours.</p>",Enviro Aqua,Home & Garden > Kitchen & Dining > Kitchen Appliances > Water Filters,Water Filter,"10 x 2.5 cartridge, whole house water filter, 1 stage filter, australia",TRUE,Title,Default Title,,,,,EA-WF-WH-001,1800,shopify,10,deny,manual,54.95,,TRUE,TRUE,,https://enviroaqua.com.au/wp-content/uploads/2020/07/big_blue_10_2.5_sediment_filter.png,1,"Whole House Water Filter — 1 Stage Sediment (10"" x 2.5"")",FALSE,"Whole House Water Filter — 1 Stage Sediment (10"" x… | Enviro Aqua","Treat every tap in your home — whole-house filtration for town, tank and bore water. 20"" x 4.5"". Shop Enviro Aqua — Australia-wide delivery.",active
standard-10-x-2-5-water-filter-standard-water-filter-housing-white-universal,"Standard 10"" x 2.5"" Water Filter Standard Water Filter Housing White — Universal","<p>Compact filtration that tucks inside your kitchen cabinet and delivers filtered water through a dedicated tap. Bottled-quality water without the bench-top clutter or ongoing plastic-bottle cost.</p><h3>Specifications</h3><ul><li><strong>Housing size:</strong> 10&quot; x 2.5&quot; (standard Australian sizing)</li></ul><h3>Why this filter</h3><ul><li>Filtered water on demand from a dedicated kitchen tap</li><li>Hidden installation — zero bench-top footprint</li><li>Standard 10&quot; cartridge sizes — easy annual replacement</li><li>Compatible with our 3-way RO mixer taps</li><li>Ideal for chlorine, sediment and taste reduction</li></ul><h3>Installation</h3><p>Mounts to the cabinet wall under your sink. Most homeowners self-install in 1–2 hours; licensed plumber recommended for new tap-hole drilling.</p>",Enviro Aqua,Home & Garden > Kitchen & Dining > Kitchen Appliances > Water Filters > Under-Sink Water Filters,Water Filter,"10 x 2.5 cartridge, under sink water filter, australia",TRUE,Title,Default Title,,,,,EA-WF-US-002,700,shopify,10,deny,manual,29.95,,TRUE,TRUE,,https://enviroaqua.com.au/wp-content/uploads/2020/07/s-l400.jpg,1,"Standard 10"" x 2.5"" Water Filter Standard Water Filter Housing White — Universal",FALSE,"Standard 10"" x 2.5"" Water Filter Standard Water… | Enviro Aqua","Treat every tap in your home — whole-house filtration for town, tank and bore water. 1-stage, 10"" x 2.5"". Shop Enviro Aqua — Australia-wide delivery.",active
standard-10-x-2-5-water-filter-standard-water-filter-housing-white-universal,,,,,,,,,,,,,,,,,,,,,,,,,https://enviroaqua.com.au/wp-content/uploads/2020/07/s-l1600-65.jpg,2,"Standard 10"" x 2.5"" Water Filter Standard Water Filter Housing White — Universal",,,,
standard-10-x-2-5-water-filter-standard-water-filter-housing-white-universal,,,,,,,,,,,,,,,,,,,,,,,,,https://enviroaqua.com.au/wp-content/uploads/2020/07/s-l1600-1-50.jpg,3,"Standard 10"" x 2.5"" Water Filter Standard Water Filter Housing White — Universal",,,,
under-sink-water-filter-2-stage-sediment-carbon,"Under Sink Water Filter — 2-Stage Sediment, Carbon","<p>Compact filtration that tucks inside your kitchen cabinet and delivers filtered water through a dedicated tap. Bottled-quality water without the bench-top clutter or ongoing plastic-bottle cost.</p><h3>Specifications</h3><ul><li><strong>2-stage filtration</strong></li><li><strong>Filtration rating:</strong> 5 micron</li><li><strong>Filtration media:</strong> Sediment (PP), Carbon Block (CTO)</li><li><strong>Reduces:</strong> sediment, chlorine, taste &amp; odour</li><li><strong>Finish:</strong> Stainless Steel</li></ul><h3>Why this filter</h3><ul><li>Filtered water on demand from a dedicated kitchen tap</li><li>Hidden installation — zero bench-top footprint</li><li>Standard 10&quot; cartridge sizes — easy annual replacement</li><li>Compatible with our 3-way RO mixer taps</li><li>Ideal for chlorine, sediment and taste reduction</li></ul><h3>Installation</h3><p>Mounts to the cabinet wall under your sink. Most homeowners self-install in 1–2 hours; licensed plumber recommended for new tap-hole drilling.</p>",Enviro Aqua,Home & Garden > Kitchen & Dining > Kitchen Appliances > Water Filters > Under-Sink Water Filters,Water Filter,"rain tank water filter, under sink water filter, 2 stage filter, australia",TRUE,Title,Default Title,,,,,EA-WF-US-001,3800,shopify,10,deny,manual,99.95,,TRUE,TRUE,,https://enviroaqua.com.au/wp-content/uploads/2020/07/Category-Image-40.png,1,"Under Sink Water Filter — 2-Stage Sediment, Carbon",FALSE,"Under Sink Water Filter — 2-Stage Sediment, Carbon | Enviro Aqua","Hidden under-sink filter with dedicated tap — bottled-quality water without the clutter. 10"" x 2.5"". Shop Enviro Aqua — Australia-wide delivery.",active
under-sink-water-filter-3-stage-sediment-carbon-alkaline,"Under Sink Water Filter — 3-Stage Sediment, Carbon, Alkaline","<p>Compact filtration that tucks inside your kitchen cabinet and delivers filtered water through a dedicated tap. Bottled-quality water without the bench-top clutter or ongoing plastic-bottle cost.</p><h3>Specifications</h3><ul><li><strong>3-stage filtration</strong></li><li><strong>Filtration rating:</strong> 5 micron</li><li><strong>Filtration media:</strong> Sediment (PP), Carbon Block (CTO), Alkaline / Remineralisation</li><li><strong>Reduces:</strong> sediment, chlorine, taste &amp; odour</li><li><strong>Finish:</strong> Stainless Steel</li></ul><h3>Why this filter</h3><ul><li>Filtered water on demand from a dedicated kitchen tap</li><li>Hidden installation — zero bench-top footprint</li><li>Standard 10&quot; cartridge sizes — easy annual replacement</li><li>Compatible with our 3-way RO mixer taps</li><li>Ideal for chlorine, sediment and taste reduction</li></ul><h3>Installation</h3><p>Mounts to the cabinet wall under your sink. Most homeowners self-install in 1–2 hours; licensed plumber recommended for new tap-hole drilling.</p>",Enviro Aqua,Home & Garden > Kitchen & Dining > Kitchen Appliances > Water Filters > Under-Sink Water Filters,Water Filter,"rain tank water filter, under sink water filter, 3 stage filter, australia",TRUE,Title,Default Title,,,,,EA-WF-US-003,5200,shopify,10,deny,manual,129.95,,TRUE,TRUE,,https://enviroaqua.com.au/wp-content/uploads/2025/01/three_stage_alkaline.png,1,"Under Sink Water Filter — 3-Stage Sediment, Carbon, Alkaline",FALSE,"Under Sink Water Filter — 3-Stage Sediment, Carbon,… | Enviro Aqua",Hidden under-sink filter with dedicated tap — bottled-quality water without the clutter. 2-stage. Shop Enviro Aqua — Australia-wide delivery.,active
bench-top-water-filter-2-stage-sediment-carbon,Bench Top Water Filter — 2 Stage Sediment + Carbon,"<p>Countertop filters that connect to your existing kitchen tap via a diverter valve — no plumbing required. The rental-friendly way to filter tap water.</p><h3>Specifications</h3><ul><li><strong>2-stage filtration</strong></li><li><strong>Filtration media:</strong> Sediment (PP), Carbon Block (CTO)</li><li><strong>Reduces:</strong> sediment, chlorine, taste &amp; odour</li></ul><h3>Why this filter</h3><ul><li>Zero plumbing — installs in 5 minutes with a tap adaptor</li><li>Fully portable — take it with you when you move</li><li>Landlord-friendly — no permanent modifications</li><li>Standard 10&quot; cartridges — same replacements as under-sink</li><li>Budget-friendly entry to filtered water</li></ul><h3>Installation</h3><p>Clip the included diverter valve to your kitchen tap, attach the feed tube and you&#x27;re filtering in minutes.</p>",Enviro Aqua,Home & Garden > Kitchen & Dining > Kitchen Appliances > Water Filters > Countertop Water Filters,Water Filter,"2 stage filter, benchtop water filter, australia",TRUE,Title,Default Title,,,,,EA-WF-BN-001,3500,shopify,10,deny,manual,69.95,,TRUE,TRUE,,https://enviroaqua.com.au/wp-content/uploads/2020/07/twin_counter_top.png,1,Bench Top Water Filter — 2 Stage Sediment + Carbon,FALSE,Bench Top Water Filter — 2 Stage Sediment + Carbon | Enviro Aqua,Hidden under-sink filter with dedicated tap — bottled-quality water without the clutter. 3-stage. Shop Enviro Aqua — Australia-wide delivery.,active
bench-top-water-filter-1-stage-sediment,Bench Top Water Filter — 1 Stage Sediment,"<p>Countertop filters that connect to your existing kitchen tap via a diverter valve — no plumbing required. The rental-friendly way to filter tap water.</p><h3>Specifications</h3><ul><li><strong>1-stage filtration</strong></li><li><strong>Filtration media:</strong> Sediment (PP)</li><li><strong>Reduces:</strong> sediment</li></ul><h3>Why this filter</h3><ul><li>Zero plumbing — installs in 5 minutes with a tap adaptor</li><li>Fully portable — take it with you when you move</li><li>Landlord-friendly — no permanent modifications</li><li>Standard 10&quot; cartridges — same replacements as under-sink</li><li>Budget-friendly entry to filtered water</li></ul><h3>Installation</h3><p>Clip the included diverter valve to your kitchen tap, attach the feed tube and you&#x27;re filtering in minutes.</p>",Enviro Aqua,Home & Garden > Kitchen & Dining > Kitchen Appliances > Water Filters > Countertop Water Filters,Water Filter,"1 stage filter, benchtop water filter, australia",TRUE,Title,Default Title,,,,,EA-WF-BN-002,2400,shopify,10,deny,manual,69.95,,TRUE,TRUE,,https://enviroaqua.com.au/wp-content/uploads/2025/01/countertop_sediment.png,1,Bench Top Water Filter — 1 Stage Sediment,FALSE,Bench Top Water Filter — 1 Stage Sediment | Enviro Aqua,No-plumbing countertop filter that connects to your kitchen tap. Perfect for rentals. 2-stage. Shop Enviro Aqua — Australia-wide delivery.,active
bench-top-water-filter-1-stage-carbon,Bench Top Water Filter — 1 Stage Carbon,"<p>Countertop filters that connect to your existing kitchen tap via a diverter valve — no plumbing required. The rental-friendly way to filter tap water.</p><h3>Specifications</h3><ul><li><strong>1-stage filtration</strong></li><li><strong>Filtration media:</strong> Carbon Block (CTO)</li><li><strong>Reduces:</strong> chlorine, taste &amp; odour</li></ul><h3>Why this filter</h3><ul><li>Zero plumbing — installs in 5 minutes with a tap adaptor</li><li>Fully portable — take it with you when you move</li><li>Landlord-friendly — no permanent modifications</li><li>Standard 10&quot; cartridges — same replacements as under-sink</li><li>Budget-friendly entry to filtered water</li></ul><h3>Installation</h3><p>Clip the included diverter valve to your kitchen tap, attach the feed tube and you&#x27;re filtering in minutes.</p>",Enviro Aqua,Home & Garden > Kitchen & Dining > Kitchen Appliances > Water Filters > Countertop Water Filters,Water Filter,"1 stage filter, benchtop water filter, australia",TRUE,Title,Default Title,,,,,EA-WF-BN-003,2400,shopify,10,deny,manual,49.95,,TRUE,TRUE,,https://enviroaqua.com.au/wp-content/uploads/2025/01/countertop_carbon.png,1,Bench Top Water Filter — 1 Stage Carbon,FALSE,Bench Top Water Filter — 1 Stage Carbon | Enviro Aqua,No-plumbing countertop filter that connects to your kitchen tap. Perfect for rentals. 1-stage. Shop Enviro Aqua — Australia-wide delivery.,active
commercial-reverse-osmosis-water-treatment-system-500-lph,Commercial Reverse Osmosis Water Treatment System — 500 LPH,"<p>Reverse osmosis is the only residential filtration technology that meaningfully reduces fluoride, PFAS, TDS and dissolved minerals. For households concerned about water purity at the highest level.</p><h3>Specifications</h3><ul><li><strong>Flow rate:</strong> 500 LPH</li><li><strong>Filtration media:</strong> Reverse Osmosis</li><li><strong>Reduces:</strong> chlorine, taste &amp; odour, tds / dissolved solids</li><li><strong>Finish:</strong> Stainless Steel</li></ul><h3>Why this filter</h3><ul><li>Reduces fluoride, PFAS, lead, arsenic and dissolved solids up to 99%</li><li>Multi-stage filtration with sediment, carbon and RO membrane</li><li>Dedicated filtered-water tap — pair with our 3-way RO mixers</li><li>Pressure-tank storage for on-demand flow</li><li>Commercial RO desalination available for bore/brackish supplies</li></ul><h3>Installation</h3><p>Professional plumber recommended. Systems come pre-assembled with all fittings; installation typically takes 2–3 hours including a new tap-hole.</p>",Enviro Aqua,Home & Garden > Kitchen & Dining > Kitchen Appliances > Water Filters,Water Filter,"reverse osmosis system, australia, commercial",TRUE,Title,Default Title,,,,,EA-WF-RO-010,95000,shopify,10,deny,manual,5490.00,,TRUE,TRUE,,https://enviroaqua.com.au/wp-content/uploads/2025/11/Commercial-RO-Unit-12000-LPD-Video-1.webp,1,Commercial Reverse Osmosis Water Treatment System — 500 LPH,FALSE,Commercial Reverse Osmosis Water Treatment System —… | Enviro Aqua,No-plumbing countertop filter that connects to your kitchen tap. Perfect for rentals. 1-stage. Shop Enviro Aqua — Australia-wide delivery.,active
commercial-reverse-osmosis-water-treatment-system-500-lph,,,,,,,,,,,,,,,,,,,,,,,,,https://enviroaqua.com.au/wp-content/uploads/2025/11/RO-Commercial-12000-LPD.webp,2,Commercial Reverse Osmosis Water Treatment System — 500 LPH,,,,
commercial-reverse-osmosis-water-treatment-system-500-lph,,,,,,,,,,,,,,,,,,,,,,,,,https://enviroaqua.com.au/wp-content/uploads/2025/11/Commercial-RO-Unit-12000-LPD-Video.webp,3,Commercial Reverse Osmosis Water Treatment System — 500 LPH,,,,
commercial-reverse-osmosis-water-treatment-system-500-lph,,,,,,,,,,,,,,,,,,,,,,,,,https://enviroaqua.com.au/wp-content/uploads/2025/11/Commercial-unit.jpg,4,Commercial Reverse Osmosis Water Treatment System — 500 LPH,,,,
commercial-reverse-osmosis-water-treatment-system-500-lph,,,,,,,,,,,,,,,,,,,,,,,,,https://enviroaqua.com.au/wp-content/uploads/2025/11/500LPD-RO-1.png,5,Commercial Reverse Osmosis Water Treatment System — 500 LPH,,,,
commercial-reverse-osmosis-water-treatment-system-500-lph,,,,,,,,,,,,,,,,,,,,,,,,,https://enviroaqua.com.au/wp-content/uploads/2025/11/500LPD-RO.jpg2_.jpg,6,Commercial Reverse Osmosis Water Treatment System — 500 LPH,,,,
whole-house-water-filter-uv-steriliser-system-3-stage,Whole House Water Filter + UV Steriliser System — 3 Stage,"<p>UV sterilisation kills bacteria, viruses, Cryptosporidium and Giardia without adding chemicals. Essential for rain tank, bore and roof-catchment supplies, and a critical upgrade for whole-house systems where biological contamination is a risk.</p><h3>Specifications</h3><ul><li><strong>3-stage filtration</strong></li><li><strong>Filtration media:</strong> UV Sterilisation</li><li><strong>Reduces:</strong> bacteria &amp; viruses</li></ul><h3>Why this filter</h3><ul><li>99.99% reduction of bacteria and viruses including E. coli</li><li>Chemical-free — no chlorine, no taste, no residues</li><li>Pairs with sediment + carbon pre-filters for rain tank installations</li><li>Available from 6W (0.5 GPM) to 55W (12 GPM) for every household size</li><li>Lamp replacement typically every 9,000 hours (~12 months)</li></ul><h3>Installation</h3><p>Installed in-line after sediment and carbon pre-filters. Requires a standard 240V power point (12V and 220V variants available).</p>",Enviro Aqua,Home & Garden > Kitchen & Dining > Kitchen Appliances > Water Filters,Water Filter,"3 stage filter, uv water steriliser, australia",TRUE,Title,Default Title,,,,,EA-WF-UV-010,16000,shopify,10,deny,manual,1299.95,,TRUE,TRUE,,https://enviroaqua.com.au/wp-content/uploads/2025/12/2-BB-UV.avif,1,Whole House Water Filter + UV Steriliser System — 3 Stage,FALSE,Whole House Water Filter + UV Steriliser System — 3… | Enviro Aqua,"Reduces fluoride, PFAS and TDS up to 99% — multi-stage RO drinking water. 500 LPH. Shop Enviro Aqua — Australia-wide delivery.",active
whole-house-water-filter-uv-steriliser-system-3-stage,,,,,,,,,,,,,,,,,,,,,,,,,https://enviroaqua.com.au/wp-content/uploads/2025/12/3-Stages-BB-UV-Description.png,2,Whole House Water Filter + UV Steriliser System — 3 Stage,,,,
whole-house-water-filter-uv-steriliser-system-3-stage,,,,,,,,,,,,,,,,,,,,,,,,,https://enviroaqua.com.au/wp-content/uploads/2025/12/3-Stages-BB-UV-Description.png-2.png,3,Whole House Water Filter + UV Steriliser System — 3 Stage,,,,
whole-house-water-filter-uv-steriliser-system-3-stage,,,,,,,,,,,,,,,,,,,,,,,,,https://enviroaqua.com.au/wp-content/uploads/2025/12/BB-Filter1.png-2.png,4,Whole House Water Filter + UV Steriliser System — 3 Stage,,,,
uv-water-steriliser-25w-220-240v-1500-lph,"UV Water Steriliser — 25W 220–240V, 1500 LPH","<p>UV sterilisation kills bacteria, viruses, Cryptosporidium and Giardia without adding chemicals. Essential for rain tank, bore and roof-catchment supplies, and a critical upgrade for whole-house systems where biological contamination is a risk.</p><h3>Specifications</h3><ul><li><strong>Flow rate:</strong> 1500 LPH</li><li><strong>Filtration media:</strong> UV Sterilisation</li><li><strong>Reduces:</strong> bacteria &amp; viruses</li></ul><h3>Why this filter</h3><ul><li>99.99% reduction of bacteria and viruses including E. coli</li><li>Chemical-free — no chlorine, no taste, no residues</li><li>Pairs with sediment + carbon pre-filters for rain tank installations</li><li>Available from 6W (0.5 GPM) to 55W (12 GPM) for every household size</li><li>Lamp replacement typically every 9,000 hours (~12 months)</li></ul><h3>Installation</h3><p>Installed in-line after sediment and carbon pre-filters. Requires a standard 240V power point (12V and 220V variants available).</p>",Enviro Aqua,Home & Garden > Kitchen & Dining > Kitchen Appliances > Water Filters,Water Filter,"uv water steriliser, australia",TRUE,Title,Default Title,,,,,EA-WF-UV-002,4200,shopify,10,deny,manual,244.95,,TRUE,TRUE,,https://enviroaqua.com.au/wp-content/uploads/2020/09/25w-uv-220V.jpg,1,"UV Water Steriliser — 25W 220–240V, 1500 LPH",FALSE,"UV Water Steriliser — 25W 220–240V, 1500 LPH | Enviro Aqua",UV sterilisation kills bacteria and viruses in rain tank and bore water — no chemicals. 3-stage. Shop Enviro Aqua — Australia-wide delivery.,active
uv-water-steriliser-25w-220-240v-1500-lph,,,,,,,,,,,,,,,,,,,,,,,,,https://enviroaqua.com.au/wp-content/uploads/2020/09/25w-TRANSFOMER.jpg,2,"UV Water Steriliser — 25W 220–240V, 1500 LPH",,,,
uv-water-steriliser-25w-220-240v-1500-lph,,,,,,,,,,,,,,,,,,,,,,,,,https://enviroaqua.com.au/wp-content/uploads/2020/09/25W-LAMP.jpg,3,"UV Water Steriliser — 25W 220–240V, 1500 LPH",,,,
shower-filter-15-stages-includes-extra-cartridge,Shower Filter — 15 Stages — Includes Extra Cartridge,"<p>Chlorine and chloramine don&#x27;t stop at the kitchen tap. Shower filters reduce the harsh disinfectants that dry out skin, fade hair colour and aggravate eczema — with a two-minute install and no plumbing.</p><h3>Specifications</h3><ul><li><strong>15-stage filtration</strong></li><li><strong>Reduces:</strong> chlorine, heavy metals, taste &amp; odour</li><li><strong>Finish:</strong> Brushed Nickel, Polished Chrome</li></ul><h3>Why this filter</h3><ul><li>Reduces chlorine, chloramine and heavy metals from shower water</li><li>Noticeably softer skin and hair from the first wash</li><li>Screws onto any standard Australian shower arm</li><li>No tools, no plumber, no tenancy issues</li><li>Replacement cartridge lasts 6–12 months</li></ul><h3>Installation</h3><p>Unscrew your existing shower head, thread the filter on, reattach the head. Two minutes.</p>",Enviro Aqua,,Water Filter,"15 stage filter, shower filter, australia",TRUE,Title,Default Title,,,,,EA-WF-SF-001,550,shopify,10,deny,manual,39.95,,TRUE,TRUE,,https://enviroaqua.com.au/wp-content/uploads/2022/05/shower-filter.png,1,Shower Filter — 15 Stages — Includes Extra Cartridge,FALSE,Shower Filter — 15 Stages — Includes Extra Cartridge | Enviro Aqu,UV sterilisation kills bacteria and viruses in rain tank and bore water — no chemicals. 1500 LPH. Shop Enviro Aqua — Australia-wide delivery.,active
shower-filter-15-stages-includes-extra-cartridge,,,,,,,,,,,,,,,,,,,,,,,,,https://enviroaqua.com.au/wp-content/uploads/2022/05/shower1.jpg,2,Shower Filter — 15 Stages — Includes Extra Cartridge,,,,
shower-filter-15-stages-includes-extra-cartridge,,,,,,,,,,,,,,,,,,,,,,,,,https://enviroaqua.com.au/wp-content/uploads/2022/05/shower6.jpg,3,Shower Filter — 15 Stages — Includes Extra Cartridge,,,,
shower-filter-15-stages-includes-extra-cartridge,,,,,,,,,,,,,,,,,,,,,,,,,https://enviroaqua.com.au/wp-content/uploads/2022/05/shower4.jpg,4,Shower Filter — 15 Stages — Includes Extra Cartridge,,,,
shower-filter-15-stages-includes-extra-cartridge,,,,,,,,,,,,,,,,,,,,,,,,,https://enviroaqua.com.au/wp-content/uploads/2022/05/shower3.jpg,5,Shower Filter — 15 Stages — Includes Extra Cartridge,,,,
75-gpd-reverse-osmosis-membrane-replacement-twin-pack-280-l-day,75 GPD Reverse Osmosis Membrane Replacement — Twin Pack (280 L/day),"<p>Annual cartridge replacement is non-negotiable — used filters stop removing and start releasing what they&#x27;ve captured. We stock every cartridge size in sediment, carbon, pleated, RO membrane and specialty formats.</p><h3>Specifications</h3><ul><li><strong>Flow rate:</strong> 75 GPD</li><li><strong>Filtration media:</strong> Reverse Osmosis</li><li><strong>Reduces:</strong> tds / dissolved solids</li></ul><h3>Why this filter</h3><ul><li>Genuine NSF-compliant cartridges for 10&quot; and 20&quot; housings</li><li>Available in 2.5&quot; slim-line and 4.5&quot; Big Blue sizes</li><li>Sediment (PP), carbon block (CTO), granular carbon (GAC), pleated and RO membranes</li><li>Multi-pack and annual-kit pricing for long-term savings</li><li>Subscribe to never run out — automatic annual delivery available</li></ul>",Enviro Aqua,Home & Garden > Kitchen & Dining > Kitchen Appliances > Water Filters,Water Filter,"filter cartridge, australia",TRUE,Title,Default Title,,,,,EA-WF-CT-003,800,shopify,10,deny,manual,74.95,,TRUE,TRUE,,https://enviroaqua.com.au/wp-content/uploads/2020/07/s-l1600-25.jpg,1,75 GPD Reverse Osmosis Membrane Replacement — Twin Pack (280 L/day),FALSE,75 GPD Reverse Osmosis Membrane Replacement — Twin… | Enviro Aqua,Softer skin and hair in a 2-minute install — chlorine-reducing shower filter. Shop Enviro Aqua — Australia-wide delivery.,active
75-gpd-reverse-osmosis-membrane-replacement-twin-pack-280-l-day,,,,,,,,,,,,,,,,,,,,,,,,,https://enviroaqua.com.au/wp-content/uploads/2020/07/s-l1600-1-20.jpg,2,75 GPD Reverse Osmosis Membrane Replacement — Twin Pack (280 L/day),,,,
75-gpd-reverse-osmosis-membrane-replacement-twin-pack-280-l-day,,,,,,,,,,,,,,,,,,,,,,,,,https://enviroaqua.com.au/wp-content/uploads/2020/07/s-l1600-2-9.jpg,3,75 GPD Reverse Osmosis Membrane Replacement — Twin Pack (280 L/day),,,,
75-gpd-reverse-osmosis-membrane-replacement-twin-pack-280-l-day,,,,,,,,,,,,,,,,,,,,,,,,,https://enviroaqua.com.au/wp-content/uploads/2020/07/s-l1600-3-7.jpg,4,75 GPD Reverse Osmosis Membrane Replacement — Twin Pack (280 L/day),,,,
inline-uf-ultrafiltration-filter-cartridge,Inline UF Ultrafiltration Filter Cartridge,"<p>Annual cartridge replacement is non-negotiable — used filters stop removing and start releasing what they&#x27;ve captured. We stock every cartridge size in sediment, carbon, pleated, RO membrane and specialty formats.</p><h3>Specifications</h3><ul><li><strong>Filtration media:</strong> Ultrafiltration (UF)</li></ul><h3>Why this filter</h3><ul><li>Genuine NSF-compliant cartridges for 10&quot; and 20&quot; housings</li><li>Available in 2.5&quot; slim-line and 4.5&quot; Big Blue sizes</li><li>Sediment (PP), carbon block (CTO), granular carbon (GAC), pleated and RO membranes</li><li>Multi-pack and annual-kit pricing for long-term savings</li><li>Subscribe to never run out — automatic annual delivery available</li></ul>",Enviro Aqua,Home & Garden > Kitchen & Dining > Kitchen Appliances > Water Filters,Water Filter,"filter cartridge, australia",TRUE,Title,Default Title,,,,,EA-WF-CT-001,280,shopify,10,deny,manual,24.95,,TRUE,TRUE,,https://enviroaqua.com.au/wp-content/uploads/2020/07/s-l1600-3-3.jpg,1,Inline UF Ultrafiltration Filter Cartridge,FALSE,75 GPD Reverse Osmosis Membrane Replacement — Twin… | Enviro Aqua,Genuine replacement cartridges for every Enviro Aqua system. 75 GPD.,active
inline-uf-ultrafiltration-filter-cartridge,,,,,,,,,,,,,,,,,,,,,,,,,https://enviroaqua.com.au/wp-content/uploads/2020/07/s-l500-9.jpg,2,Inline UF Ultrafiltration Filter Cartridge,,,,
inline-uf-ultrafiltration-filter-cartridge,,,,,,,,,,,,,,,,,,,,,,,,,https://enviroaqua.com.au/wp-content/uploads/2020/07/s-l1600-15.jpg,3,Inline UF Ultrafiltration Filter Cartridge,,,,
ro-wrench-for-1812-reverse-osmosis-membrane-housings,RO Wrench — for 1812 Reverse Osmosis Membrane Housings,"<p>Annual cartridge replacement is non-negotiable — used filters stop removing and start releasing what they&#x27;ve captured. We stock every cartridge size in sediment, carbon, pleated, RO membrane and specialty formats.</p><h3>Specifications</h3><ul><li><strong>Filtration media:</strong> Reverse Osmosis</li><li><strong>Reduces:</strong> tds / dissolved solids</li></ul><h3>Why this filter</h3><ul><li>Genuine NSF-compliant cartridges for 10&quot; and 20&quot; housings</li><li>Available in 2.5&quot; slim-line and 4.5&quot; Big Blue sizes</li><li>Sediment (PP), carbon block (CTO), granular carbon (GAC), pleated and RO membranes</li><li>Multi-pack and annual-kit pricing for long-term savings</li><li>Subscribe to never run out — automatic annual delivery available</li></ul>",Enviro Aqua,,Water Filter,"filter cartridge, australia",TRUE,Title,Default Title,,,,,EA-WF-CT-002,380,shopify,10,deny,manual,14.95,,TRUE,TRUE,,https://enviroaqua.com.au/wp-content/uploads/2020/07/s-l1600-22.jpg,1,RO Wrench — for 1812 Reverse Osmosis Membrane Housings,FALSE,Inline UF Ultrafiltration Filter Cartridge | Enviro Aqua,Genuine replacement cartridges for every Enviro Aqua system.,active
ro-wrench-for-1812-reverse-osmosis-membrane-housings,,,,,,,,,,,,,,,,,,,,,,,,,https://enviroaqua.com.au/wp-content/uploads/2020/07/s-l500-12.jpg,2,RO Wrench — for 1812 Reverse Osmosis Membrane Housings,,,,
ro-wrench-for-1812-reverse-osmosis-membrane-housings,,,,,,,,,,,,,,,,,,,,,,,,,https://enviroaqua.com.au/wp-content/uploads/2020/07/s-l1600-1-18.jpg,3,RO Wrench — for 1812 Reverse Osmosis Membrane Housings,,,,
reverse-osmosis-ro-membrane-400-gpd-approx-1500-litres-per-day,Reverse Osmosis RO Membrane 400 GPD. Approx 1500 Litres Per Day,"<p>Annual cartridge replacement is non-negotiable — used filters stop removing and start releasing what they&#x27;ve captured. We stock every cartridge size in sediment, carbon, pleated, RO membrane and specialty formats.</p><h3>Specifications</h3><ul><li><strong>Flow rate:</strong> 400 GPD</li><li><strong>Filtration media:</strong> Reverse Osmosis</li><li><strong>Reduces:</strong> tds / dissolved solids</li></ul><h3>Why this filter</h3><ul><li>Genuine NSF-compliant cartridges for 10&quot; and 20&quot; housings</li><li>Available in 2.5&quot; slim-line and 4.5&quot; Big Blue sizes</li><li>Sediment (PP), carbon block (CTO), granular carbon (GAC), pleated and RO membranes</li><li>Multi-pack and annual-kit pricing for long-term savings</li><li>Subscribe to never run out — automatic annual delivery available</li></ul>",Enviro Aqua,Home & Garden > Kitchen & Dining > Kitchen Appliances > Water Filters,Water Filter,"filter cartridge, australia",TRUE,Title,Default Title,,,,,EA-WF-CT-032,700,shopify,10,deny,manual,109.95,110.00,TRUE,TRUE,,https://enviroaqua.com.au/wp-content/uploads/2025/10/400-GPD-Membrane.png,1,Reverse Osmosis RO Membrane 400 GPD. Approx 1500 Litres Per Day,FALSE,RO Wrench — for 1812 Reverse Osmosis Membrane Housings | Enviro A,Genuine replacement cartridges for every Enviro Aqua system.,active
reverse-osmosis-ro-membrane-400-gpd-approx-1500-litres-per-day,,,,,,,,,,,,,,,,,,,,,,,,,https://enviroaqua.com.au/wp-content/uploads/2025/10/400-GPD-Membrane.png,2,Reverse Osmosis RO Membrane 400 GPD. Approx 1500 Litres Per Day,,,,
reverse-osmosis-ro-membrane-400-gpd-approx-1500-litres-per-day,,,,,,,,,,,,,,,,,,,,,,,,,https://enviroaqua.com.au/wp-content/uploads/2025/10/400-GPD-Membrane-2.png,3,Reverse Osmosis RO Membrane 400 GPD. Approx 1500 Litres Per Day,,,,
water-pressure-gauge-1-4-brass-bspt-thread-60-150-300-psi,"Water Pressure Gauge — 1/4"" Brass BSPT Thread, 60 / 150 / 300 PSI",<p>Genuine replacement fittings and accessories for water filter installations and servicing.</p><h3>Specifications</h3><ul><li><strong>Finish:</strong> Stainless Steel</li></ul><h3>Features</h3><ul><li>Australian mains-pressure rated</li><li>NSF-certified where applicable</li><li>Standard 1/4&quot; (6mm) and 3/8&quot; push-fit sizing</li></ul>,Enviro Aqua,,Water Filter,"water filter parts, australia",TRUE,Title,Default Title,,,,,EA-WF-FP-002,220,shopify,10,deny,manual,29.95,,TRUE,TRUE,,https://enviroaqua.com.au/wp-content/uploads/2020/07/s-l1600-48.jpg,1,"Water Pressure Gauge — 1/4"" Brass BSPT Thread, 60 / 150 / 300 PSI",FALSE,Reverse Osmosis RO Membrane 400 GPD. Approx 1500… | Enviro Aqua,Genuine replacement cartridges for every Enviro Aqua system. 400 GPD.,active
water-pressure-gauge-1-4-brass-bspt-thread-60-150-300-psi,,,,,,,,,,,,,,,,,,,,,,,,,https://enviroaqua.com.au/wp-content/uploads/2020/07/s-l1600-1-38.jpg,2,"Water Pressure Gauge — 1/4"" Brass BSPT Thread, 60 / 150 / 300 PSI",,,,
water-pressure-gauge-1-4-brass-bspt-thread-60-150-300-psi,,,,,,,,,,,,,,,,,,,,,,,,,https://enviroaqua.com.au/wp-content/uploads/2020/07/s-l1600-2-19.jpg,3,"Water Pressure Gauge — 1/4"" Brass BSPT Thread, 60 / 150 / 300 PSI",,,,
water-pressure-gauge-1-4-brass-bspt-thread-60-150-300-psi,,,,,,,,,,,,,,,,,,,,,,,,,https://enviroaqua.com.au/wp-content/uploads/2020/07/s-l1600-3-12.jpg,4,"Water Pressure Gauge — 1/4"" Brass BSPT Thread, 60 / 150 / 300 PSI",,,,
high-pressure-switch-24v-for-ro-water-filters-quick-connect,High-Pressure Switch 24V for RO Water Filters — Quick Connect,"<p>Storage tanks, bladders and booster pumps purpose-built for RO and whole-house filtration systems.</p><h3>Specifications</h3><ul><li><strong>Filtration media:</strong> Reverse Osmosis</li><li><strong>Reduces:</strong> tds / dissolved solids</li></ul><h3>Features</h3><ul><li>Drinking-water-safe bladders — made in Italy</li><li>RO-compatible pressure tanks from 8L to 50L</li><li>24V diaphragm booster pumps for low-pressure inlets</li></ul>",Enviro Aqua,,Water Filter,"ro pressure tank, australia",TRUE,Title,Default Title,,,,,EA-WF-TP-003,180,shopify,10,deny,manual,19.95,,TRUE,TRUE,,https://enviroaqua.com.au/wp-content/uploads/2020/07/s-l1600-72.jpg,1,High-Pressure Switch 24V for RO Water Filters — Quick Connect,FALSE,"Water Pressure Gauge — 1/4"" Brass BSPT Thread, 60 /… | Enviro Aqua",Mains-pressure rated water filter fittings and accessories.,active
high-pressure-switch-24v-for-ro-water-filters-quick-connect,,,,,,,,,,,,,,,,,,,,,,,,,https://enviroaqua.com.au/wp-content/uploads/2020/07/s-l1600-1-54.jpg,2,High-Pressure Switch 24V for RO Water Filters — Quick Connect,,,,
high-pressure-switch-24v-for-ro-water-filters-quick-connect,,,,,,,,,,,,,,,,,,,,,,,,,https://enviroaqua.com.au/wp-content/uploads/2020/07/s-l1600-2-31.jpg,3,High-Pressure Switch 24V for RO Water Filters — Quick Connect,,,,
high-pressure-switch-24v-for-ro-water-filters-quick-connect,,,,,,,,,,,,,,,,,,,,,,,,,https://enviroaqua.com.au/wp-content/uploads/2020/07/s-l1600-3-20.jpg,4,High-Pressure Switch 24V for RO Water Filters — Quick Connect,,,,
commercial-filtered-water-bubbler-square-stainless-steel-watermark-certified,"Commercial Filtered Water Bubbler — Square, Stainless Steel, WaterMark Certified","<p>WaterMark-certified commercial water bubblers built to AS/NZS 3497 for permanent mains connection in schools, gyms, offices and public facilities. 304 stainless steel, vandal-resistant, built for high-traffic use.</p><h3>Specifications</h3><ul><li><strong>Filtration media:</strong> Sediment (PP), Pleated / Washable</li><li><strong>Reduces:</strong> sediment, chlorine, taste &amp; odour, scale / limescale</li><li><strong>Certifications:</strong> WaterMark</li><li><strong>Finish:</strong> Brushed Nickel, Stainless Steel</li></ul><h3>Why this bubbler</h3><ul><li>WaterMark certified — legal for permanent installation in public buildings</li><li>304 stainless steel construction — rust-resistant and durable</li><li>Direct mains connection — no bottles, no deliveries</li><li>Integrated filtration — sediment and carbon stages included</li><li>Wholesale pricing available for multi-unit projects</li></ul><h3>Installation</h3><p>Direct-connected to mains water supply by a licensed plumber. Single point of drainage required. Professional install typically $250–$400 per unit.</p>",Enviro Aqua,Home & Garden > Kitchen & Dining > Kitchen Appliances > Water Coolers,Commercial Drinking Bubbler,"commercial water bubbler, watermark certified, australia, commercial",TRUE,Title,Default Title,,,,,EA-CB-BB-001,28000,shopify,10,deny,manual,999.95,,TRUE,TRUE,,https://enviroaqua.com.au/wp-content/uploads/2024/11/Bubbler-3.jpg,1,"Commercial Filtered Water Bubbler — Square, Stainless Steel, WaterMark Certified",FALSE,"Commercial Filtered Water Bubbler — Square,… | Enviro Aqua","Pressure tanks, bladders and booster pumps for RO and whole-house systems.",active
commercial-filtered-water-bubbler-square-stainless-steel-watermark-certified,,,,,,,,,,,,,,,,,,,,,,,,,https://enviroaqua.com.au/wp-content/uploads/2024/11/YL-600C-scaled.jpg,2,"Commercial Filtered Water Bubbler — Square, Stainless Steel, WaterMark Certified",,,,
commercial-filtered-water-bubbler-square-stainless-steel-watermark-certified,,,,,,,,,,,,,,,,,,,,,,,,,https://enviroaqua.com.au/wp-content/uploads/2024/11/YL600C4-scaled.jpg,3,"Commercial Filtered Water Bubbler — Square, Stainless Steel, WaterMark Certified",,,,
commercial-filtered-cold-water-bubbler-round-stainless-steel-watermark-certified,"Commercial Filtered Cold Water Bubbler — Round, Stainless Steel, WaterMark Certified","<p>WaterMark-certified commercial water bubblers built to AS/NZS 3497 for permanent mains connection in schools, gyms, offices and public facilities. 304 stainless steel, vandal-resistant, built for high-traffic use.</p><h3>Specifications</h3><ul><li><strong>Finish:</strong> Stainless Steel</li></ul><h3>Why this bubbler</h3><ul><li>WaterMark certified — legal for permanent installation in public buildings</li><li>304 stainless steel construction — rust-resistant and durable</li><li>Direct mains connection — no bottles, no deliveries</li><li>Integrated filtration — sediment and carbon stages included</li><li>Wholesale pricing available for multi-unit projects</li></ul><h3>Installation</h3><p>Direct-connected to mains water supply by a licensed plumber. Single point of drainage required. Professional install typically $250–$400 per unit.</p>",Enviro Aqua,Home & Garden > Kitchen & Dining > Kitchen Appliances > Water Coolers,Commercial Drinking Bubbler,"commercial water bubbler, australia, commercial",TRUE,Title,Default Title,,,,,EA-CB-BB-002,32000,shopify,10,deny,manual,849.95,,TRUE,TRUE,,https://enviroaqua.com.au/wp-content/uploads/2024/11/Water-Bubbler-1-Tap.png,1,"Commercial Filtered Cold Water Bubbler — Round, Stainless Steel, WaterMark Certified",FALSE,"Commercial Filtered Cold Water Bubbler — Round,… | Enviro Aqua","WaterMark-certified commercial bubblers for schools, gyms and offices. Direct-connect. Shop Enviro Aqua — Australia-wide delivery.",active
commercial-filtered-cold-water-bubbler-round-stainless-steel-watermark-certified,,,,,,,,,,,,,,,,,,,,,,,,,https://enviroaqua.com.au/wp-content/uploads/2024/11/Water-Bubbler-1-Tap-2.avif,2,"Commercial Filtered Cold Water Bubbler — Round, Stainless Steel, WaterMark Certified",,,,
commercial-filtered-cold-water-bubbler-round-stainless-steel-watermark-certified,,,,,,,,,,,,,,,,,,,,,,,,,https://enviroaqua.com.au/wp-content/uploads/2024/11/Water-Bubbler-2-Tap.avif,3,"Commercial Filtered Cold Water Bubbler — Round, Stainless Steel, WaterMark Certified",,,,
commercial-rust-free-filtered-cold-water-bubbler-watermark-certified,Commercial Rust-Free Filtered Cold Water Bubbler — WaterMark Certified,"<p>WaterMark-certified commercial water bubblers built to AS/NZS 3497 for permanent mains connection in schools, gyms, offices and public facilities. 304 stainless steel, vandal-resistant, built for high-traffic use.</p><h3>Specifications</h3><ul><li><strong>Filtration media:</strong> Sediment (PP)</li><li><strong>Reduces:</strong> sediment, chlorine, taste &amp; odour</li></ul><h3>Why this bubbler</h3><ul><li>WaterMark certified — legal for permanent installation in public buildings</li><li>304 stainless steel construction — rust-resistant and durable</li><li>Direct mains connection — no bottles, no deliveries</li><li>Integrated filtration — sediment and carbon stages included</li><li>Wholesale pricing available for multi-unit projects</li></ul><h3>Installation</h3><p>Direct-connected to mains water supply by a licensed plumber. Single point of drainage required. Professional install typically $250–$400 per unit.</p>",Enviro Aqua,Home & Garden > Kitchen & Dining > Kitchen Appliances > Water Coolers,Commercial Drinking Bubbler,"commercial water bubbler, australia, commercial",TRUE,Title,Default Title,,,,,EA-CB-BB-003,30000,shopify,10,deny,manual,1299.95,,TRUE,TRUE,,https://enviroaqua.com.au/wp-content/uploads/2024/11/bubbler-grey-2.jpg,1,Commercial Rust-Free Filtered Cold Water Bubbler — WaterMark Certified,FALSE,Commercial Rust-Free Filtered Cold Water Bubbler —… | Enviro Aqua,"WaterMark-certified commercial bubblers for schools, gyms and offices. Direct-connect. Shop Enviro Aqua — Australia-wide delivery.",active
commercial-rust-free-filtered-cold-water-bubbler-watermark-certified,,,,,,,,,,,,,,,,,,,,,,,,,https://enviroaqua.com.au/wp-content/uploads/2024/11/YL-600P.png,2,Commercial Rust-Free Filtered Cold Water Bubbler — WaterMark Certified,,,,
commercial-rust-free-filtered-cold-water-bubbler-watermark-certified,,,,,,,,,,,,,,,,,,,,,,,,,https://enviroaqua.com.au/wp-content/uploads/2024/11/bubbler-grey.jpg,3,Commercial Rust-Free Filtered Cold Water Bubbler — WaterMark Certified,,,,
direct-connect-water-cooler-3-stage-filter-hot-cold-ambient,"Direct Connect Water Cooler — 3-Stage Filter, Hot / Cold / Ambient","<p>Direct-connect filtered water coolers that replace bottled-water delivery. Hot, cold, and ambient water on demand — no bottles, no deliveries, no ongoing plastic waste.</p><h3>Specifications</h3><ul><li><strong>3-stage filtration</strong></li></ul><h3>Why this cooler</h3><ul><li>Direct mains connection — eliminates bottle delivery costs</li><li>Hot, cold and room-temperature water from one unit</li><li>Integrated filtration — filtered water from every outlet</li><li>Payback typically under 18 months versus bottle delivery</li><li>Office and bench-top models available</li></ul>",Enviro Aqua,Home & Garden > Kitchen & Dining > Kitchen Appliances > Water Coolers,Commercial Drinking Bubbler,"3 stage filter, water cooler, australia, commercial",TRUE,Title,Default Title,,,,,EA-CB-WC-002,36000,shopify,10,deny,manual,499.95,,TRUE,TRUE,,https://enviroaqua.com.au/wp-content/uploads/2024/11/free-stand.jpg,1,"Direct Connect Water Cooler — 3-Stage Filter, Hot / Cold / Ambient",FALSE,"Direct Connect Water Cooler — 3-Stage Filter, Hot /… | Enviro Aqua","WaterMark-certified commercial bubblers for schools, gyms and offices. Direct-connect. Shop Enviro Aqua — Australia-wide delivery.",active
direct-connect-water-cooler-3-stage-filter-hot-cold-ambient,,,,,,,,,,,,,,,,,,,,,,,,,https://enviroaqua.com.au/wp-content/uploads/2024/11/B.T-Cooler1.jpg,2,"Direct Connect Water Cooler — 3-Stage Filter, Hot / Cold / Ambient",,,,
filtered-hot-cold-water-cooler-direct-connect,Filtered Hot & Cold Water Cooler — Direct Connect,"<p>Direct-connect filtered water coolers that replace bottled-water delivery. Hot, cold, and ambient water on demand — no bottles, no deliveries, no ongoing plastic waste.</p><h3>Specifications</h3><ul><li><strong>Filtration media:</strong> Sediment (PP)</li><li><strong>Reduces:</strong> sediment, chlorine, taste &amp; odour</li></ul><h3>Why this cooler</h3><ul><li>Direct mains connection — eliminates bottle delivery costs</li><li>Hot, cold and room-temperature water from one unit</li><li>Integrated filtration — filtered water from every outlet</li><li>Payback typically under 18 months versus bottle delivery</li><li>Office and bench-top models available</li></ul>",Enviro Aqua,Home & Garden > Kitchen & Dining > Kitchen Appliances > Water Coolers,Commercial Drinking Bubbler,"water cooler, australia, commercial",TRUE,Title,Default Title,,,,,EA-CB-WC-001,34000,shopify,10,deny,manual,499.95,,TRUE,TRUE,,https://enviroaqua.com.au/wp-content/uploads/2024/11/cooler_direct_connect.png,1,Filtered Hot & Cold Water Cooler — Direct Connect,FALSE,Filtered Hot & Cold Water Cooler — Direct Connect | Enviro Aqua,"Hot, cold and ambient filtered water from one unit. Bottle-free. 3-stage.",active
under-counter-drinking-water-chiller-stainless-steel-with-ss-tap,Under Counter Drinking Water Chiller — Stainless Steel with SS Tap,"<p>Filtered chilled water from your existing kitchen tap — the chiller and filter live hidden in the cabinet. Commercial-grade stainless steel construction.</p><h3>Specifications</h3><ul><li><strong>Finish:</strong> Stainless Steel</li></ul><h3>Why this cooler</h3><ul><li>Chilled water from your existing tap — no second tap required</li><li>Under-counter installation — zero bench-top footprint</li><li>Stainless steel tap included</li><li>Suitable for office kitchens, break rooms and commercial settings</li></ul>",Enviro Aqua,Home & Garden > Kitchen & Dining > Kitchen Appliances > Water Coolers,Commercial Drinking Bubbler,"under counter chiller, australia",TRUE,Title,Default Title,,,,,EA-CB-UC-001,28000,shopify,10,deny,manual,599.95,,TRUE,TRUE,,https://enviroaqua.com.au/wp-content/uploads/2026/04/chiller.jpg,1,Under Counter Drinking Water Chiller — Stainless Steel with SS Tap,FALSE,Filtered Hot & Cold Water Cooler — Direct Connect | Enviro Aqua,"Hot, cold and ambient filtered water from one unit. Bottle-free.",active
under-counter-drinking-water-chiller-stainless-steel-with-ss-tap,,,,,,,,,,,,,,,,,,,,,,,,,https://enviroaqua.com.au/wp-content/uploads/2026/04/chiller4.webp,2,Under Counter Drinking Water Chiller — Stainless Steel with SS Tap,,,,
under-counter-drinking-water-chiller-stainless-steel-with-ss-tap,,,,,,,,,,,,,,,,,,,,,,,,,https://enviroaqua.com.au/wp-content/uploads/2026/04/chiller2.jpg,3,Under Counter Drinking Water Chiller — Stainless Steel with SS Tap,,,,
drinking-fountain-replacement-tap-chrome-finish,Drinking Fountain Replacement Tap — Chrome Finish,<p>Replacement filter cartridges and spare parts for Enviro Aqua commercial bubblers and drinking fountains. Annual maintenance made simple.</p><h3>Specifications</h3><ul><li><strong>Finish:</strong> Polished Chrome</li></ul>,Enviro Aqua,,Commercial Drinking Bubbler,"bubbler replacement filter, australia",TRUE,Title,Default Title,,,,,EA-CB-BR-001,650,shopify,10,deny,manual,49.95,,TRUE,TRUE,,https://enviroaqua.com.au/wp-content/uploads/2020/10/Fountain-tap.jpg,1,Drinking Fountain Replacement Tap — Chrome Finish,FALSE,Drinking Fountain Replacement Tap — Chrome Finish | Enviro Aqua,Chilled filtered water from your existing tap — under-counter stainless steel chiller. Shop Enviro Aqua — Australia-wide delivery.,active
3-way-kitchen-mixer-for-ro-water-filters-shiny-gold,3-Way Kitchen Mixer for RO Water Filters — Shiny Gold,"<p>One tap, three outputs: hot, cold and RO-filtered water through a single kitchen mixer. Eliminates the need for a separate drinking-water tap on the benchtop.</p><h3>Specifications</h3><ul><li><strong>Finish:</strong> Brushed Gold</li></ul><h3>Why this tap</h3><ul><li>Hot, cold and RO-filtered water from a single tap</li><li>Sleek modern finish — matte black, brushed gold, nickel or chrome</li><li>Compatible with all standard under-sink RO systems</li><li>NSF-certified drinking water flow channel</li><li>Eliminates bench-top clutter from a second tap</li></ul>",Enviro Aqua,,Kitchen Tap,"3 way ro tap, australia",TRUE,Title,Default Title,,,,,EA-KT-T3-001,2400,shopify,10,deny,manual,129.95,159.95,TRUE,TRUE,,https://enviroaqua.com.au/wp-content/uploads/2022/03/gold_3_way_tap.png,1,3-Way Kitchen Mixer for RO Water Filters — Shiny Gold,FALSE,Drinking Fountain Replacement Tap — Chrome Finish | Enviro Aqua,Annual filter service kits for commercial bubblers.,active
luxurious-3-way-ro-tap-matte-black-or-brushed-nickel,Luxurious 3-Way RO Tap — Matte Black or Brushed Nickel,"<p>One tap, three outputs: hot, cold and RO-filtered water through a single kitchen mixer. Eliminates the need for a separate drinking-water tap on the benchtop.</p><h3>Specifications</h3><ul><li><strong>Finish:</strong> Matte Black, Brushed Nickel</li></ul><h3>Why this tap</h3><ul><li>Hot, cold and RO-filtered water from a single tap</li><li>Sleek modern finish — matte black, brushed gold, nickel or chrome</li><li>Compatible with all standard under-sink RO systems</li><li>NSF-certified drinking water flow channel</li><li>Eliminates bench-top clutter from a second tap</li></ul>",Enviro Aqua,,Kitchen Tap,"3 way ro tap, australia",TRUE,Title,Default Title,,,,,EA-KT-T3-002,2200,shopify,10,deny,manual,149.95,,TRUE,TRUE,,https://enviroaqua.com.au/wp-content/uploads/2024/10/luxury_black_3_way.jpg,1,Luxurious 3-Way RO Tap — Matte Black or Brushed Nickel,FALSE,3-Way Kitchen Mixer for RO Water Filters — Shiny Gold | Enviro Aq,"Hot, cold and RO-filtered water from a single 3-way mixer tap.",active
premium-reverse-osmosis-drinking-water-faucet-nsf-certified,Premium Reverse Osmosis Drinking Water Faucet — NSF Certified,"<p>Single-outlet drinking-water taps installed alongside your main kitchen mixer. NSF-certified for drinking water contact.</p><h3>Specifications</h3><ul><li><strong>Certifications:</strong> NSF</li></ul><h3>Why this tap</h3><ul><li>NSF-certified for drinking water</li><li>Dedicated filtered-water outlet — pairs with any RO or filter system</li><li>Available in chrome, matte black, nickel and gold finishes</li><li>Traditional filtered-water setup — used with existing kitchen mixer</li></ul>",Enviro Aqua,,Kitchen Tap,"ro filter tap, nsf certified, australia",TRUE,Title,Default Title,,,,,EA-KT-TD-001,850,shopify,10,deny,manual,59.00,,TRUE,TRUE,,https://enviroaqua.com.au/wp-content/uploads/2022/03/new-Tap.jpg,1,Premium Reverse Osmosis Drinking Water Faucet — NSF Certified,FALSE,Luxurious 3-Way RO Tap — Matte Black or Brushed Nickel | Enviro A,"Hot, cold and RO-filtered water from a single 3-way mixer tap.",active
double-handle-reverse-osmosis-water-filter-tap-chrome,Double-Handle Reverse Osmosis Water Filter Tap — Chrome,"<p>Single-outlet drinking-water taps installed alongside your main kitchen mixer. NSF-certified for drinking water contact.</p><h3>Specifications</h3><ul><li><strong>Finish:</strong> Polished Chrome</li></ul><h3>Why this tap</h3><ul><li>NSF-certified for drinking water</li><li>Dedicated filtered-water outlet — pairs with any RO or filter system</li><li>Available in chrome, matte black, nickel and gold finishes</li><li>Traditional filtered-water setup — used with existing kitchen mixer</li></ul>",Enviro Aqua,,Kitchen Tap,"ro filter tap, australia",TRUE,Title,Default Title,,,,,EA-KT-TD-002,1100,shopify,10,deny,manual,34.95,,TRUE,TRUE,,https://enviroaqua.com.au/wp-content/uploads/2022/03/double_tap.jpg,1,Double-Handle Reverse Osmosis Water Filter Tap — Chrome,FALSE,Premium Reverse Osmosis Drinking Water Faucet — NSF… | Enviro Aqua,NSF-certified dedicated drinking-water tap for RO systems.,active
modern-pull-down-kitchen-mixer-brushed-nickel,Modern Pull-Down Kitchen Mixer — Brushed Nickel,"<p>Standard single-lever kitchen mixer taps without filter integration. Ideal when you already have a separate filtered-water tap installed.</p><h3>Specifications</h3><ul><li><strong>Certifications:</strong> WELS</li><li><strong>Finish:</strong> Brushed Nickel</li></ul><h3>Why this tap</h3><ul><li>Standard WELS-rated kitchen mixer</li><li>Modern pull-down, gooseneck and spring-loaded designs</li><li>Quality finishes in chrome and brushed nickel</li></ul>",Enviro Aqua,,Kitchen Tap,"kitchen mixer tap, wels rated, australia",TRUE,Title,Default Title,,,,,EA-KT-KM-001,2600,shopify,10,deny,manual,129.95,,TRUE,TRUE,,https://enviroaqua.com.au/wp-content/uploads/2024/10/pull_down_nickel.png,1,Modern Pull-Down Kitchen Mixer — Brushed Nickel,FALSE,Double-Handle Reverse Osmosis Water Filter Tap —… | Enviro Aqua,NSF-certified dedicated drinking-water tap for RO systems.,active
spring-loaded-kitchen-mixer-brushed-nickel,Spring-Loaded Kitchen Mixer — Brushed Nickel,"<p>Standard single-lever kitchen mixer taps without filter integration. Ideal when you already have a separate filtered-water tap installed.</p><h3>Specifications</h3><ul><li><strong>Certifications:</strong> WaterMark, WELS</li><li><strong>Finish:</strong> Brushed Nickel</li></ul><h3>Why this tap</h3><ul><li>Standard WELS-rated kitchen mixer</li><li>Modern pull-down, gooseneck and spring-loaded designs</li><li>Quality finishes in chrome and brushed nickel</li></ul>",Enviro Aqua,,Kitchen Tap,"kitchen mixer tap, watermark certified, wels rated, australia",TRUE,Title,Default Title,,,,,EA-KT-KM-002,3400,shopify,10,deny,manual,119.95,,TRUE,TRUE,,https://enviroaqua.com.au/wp-content/uploads/2024/10/spring-loaded-tap-kitchen-mixer-in-brushed-nickel.png,1,Spring-Loaded Kitchen Mixer — Brushed Nickel,FALSE,Modern Pull-Down Kitchen Mixer — Brushed Nickel | Enviro Aqua,WELS-rated kitchen mixer taps in contemporary finishes.,active
in-wall-concealed-cistern-toilet-rimless-chrome-buttons-wels,"In-Wall Concealed Cistern Toilet — Rimless, Chrome Buttons, WELS","<p>Rimless ceramic toilet suites with soft-close seats, WELS-rated and WaterMark-certified. Back-to-wall and in-wall cistern configurations.</p><h3>Specifications</h3><ul><li><strong>Certifications:</strong> WaterMark, WELS</li><li><strong>Finish:</strong> Polished Chrome</li></ul>",Enviro Aqua,,Bathroom Fixture,"rimless toilet, watermark certified, wels rated, australia",TRUE,Title,Default Title,,,,,EA-BA-TL-002,32000,shopify,10,deny,manual,395.00,,TRUE,TRUE,,https://enviroaqua.com.au/wp-content/uploads/2024/10/in-wall-2.png,1,"In-Wall Concealed Cistern Toilet — Rimless, Chrome Buttons, WELS",FALSE,Spring-Loaded Kitchen Mixer — Brushed Nickel | Enviro Aqua,WELS-rated kitchen mixer taps in contemporary finishes.,active
in-wall-concealed-cistern-toilet-rimless-chrome-buttons-wels,,,,,,,,,,,,,,,,,,,,,,,,,https://enviroaqua.com.au/wp-content/uploads/2024/10/in-wall.png,2,"In-Wall Concealed Cistern Toilet — Rimless, Chrome Buttons, WELS",,,,
in-wall-concealed-cistern-toilet-rimless-chrome-buttons-wels,,,,,,,,,,,,,,,,,,,,,,,,,https://enviroaqua.com.au/wp-content/uploads/2024/10/in-wall-6.png,3,"In-Wall Concealed Cistern Toilet — Rimless, Chrome Buttons, WELS",,,,
in-wall-concealed-cistern-toilet-rimless-chrome-buttons-wels,,,,,,,,,,,,,,,,,,,,,,,,,https://enviroaqua.com.au/wp-content/uploads/2024/10/in-wall-5.png,4,"In-Wall Concealed Cistern Toilet — Rimless, Chrome Buttons, WELS",,,,
in-wall-concealed-cistern-toilet-rimless-chrome-buttons-wels,,,,,,,,,,,,,,,,,,,,,,,,,https://enviroaqua.com.au/wp-content/uploads/2024/10/in-wall-4.png,5,"In-Wall Concealed Cistern Toilet — Rimless, Chrome Buttons, WELS",,,,
in-wall-concealed-cistern-toilet-rimless-chrome-buttons-wels,,,,,,,,,,,,,,,,,,,,,,,,,https://enviroaqua.com.au/wp-content/uploads/2024/10/in-wall-3.png,6,"In-Wall Concealed Cistern Toilet — Rimless, Chrome Buttons, WELS",,,,
in-wall-concealed-cistern-toilet-rimless-chrome-buttons-wels,,,,,,,,,,,,,,,,,,,,,,,,,https://enviroaqua.com.au/wp-content/uploads/2024/10/in-wall-2.png,7,"In-Wall Concealed Cistern Toilet — Rimless, Chrome Buttons, WELS",,,,
in-wall-concealed-cistern-toilet-rimless-chrome-buttons-wels,,,,,,,,,,,,,,,,,,,,,,,,,https://enviroaqua.com.au/wp-content/uploads/2024/10/in-wall-1.png,8,"In-Wall Concealed Cistern Toilet — Rimless, Chrome Buttons, WELS",,,,
rimless-modern-ceramic-toilet-2-piece-p-trap-watermark-wels,"Rimless Modern Ceramic Toilet — 2-Piece P-Trap, WaterMark + WELS","<p>Rimless ceramic toilet suites with soft-close seats, WELS-rated and WaterMark-certified. Back-to-wall and in-wall cistern configurations.</p><h3>Specifications</h3><ul><li><strong>Certifications:</strong> WaterMark, WELS</li></ul>",Enviro Aqua,,Bathroom Fixture,"rimless toilet, watermark certified, wels rated, australia",TRUE,Title,Default Title,,,,,EA-BA-TL-003,42000,shopify,10,deny,manual,265.00,,TRUE,TRUE,,https://enviroaqua.com.au/wp-content/uploads/2024/10/rimless-4.png,1,"Rimless Modern Ceramic Toilet — 2-Piece P-Trap, WaterMark + WELS",FALSE,"In-Wall Concealed Cistern Toilet — Rimless, Chrome… | Enviro Aqua",Rimless soft-close toilets — WELS-rated and WaterMark-certified.,active
rimless-modern-ceramic-toilet-2-piece-p-trap-watermark-wels,,,,,,,,,,,,,,,,,,,,,,,,,https://enviroaqua.com.au/wp-content/uploads/2024/10/rimless-3-1.png,2,"Rimless Modern Ceramic Toilet — 2-Piece P-Trap, WaterMark + WELS",,,,
rimless-modern-ceramic-toilet-2-piece-p-trap-watermark-wels,,,,,,,,,,,,,,,,,,,,,,,,,https://enviroaqua.com.au/wp-content/uploads/2024/10/rimless-2-1.png,3,"Rimless Modern Ceramic Toilet — 2-Piece P-Trap, WaterMark + WELS",,,,
rimless-modern-ceramic-toilet-2-piece-p-trap-watermark-wels,,,,,,,,,,,,,,,,,,,,,,,,,https://enviroaqua.com.au/wp-content/uploads/2024/10/rimless-1-1.png,4,"Rimless Modern Ceramic Toilet — 2-Piece P-Trap, WaterMark + WELS",,,,
rimless-modern-ceramic-toilet-2-piece-p-trap-watermark-wels,,,,,,,,,,,,,,,,,,,,,,,,,https://enviroaqua.com.au/wp-content/uploads/2024/10/rimless-5.png,5,"Rimless Modern Ceramic Toilet — 2-Piece P-Trap, WaterMark + WELS",,,,
1200mm-freestanding-vanity-stone-basin-top-white-pvc-tap-drainage-not-included,1200mm Freestanding Vanity + Stone Basin Top — White PVC (tap/drainage not included),"<p>Counter-top basins, vessel sinks and complete vanity units with stone or ceramic tops.</p>",Enviro Aqua,,Bathroom Fixture,"bathroom basin, australia",TRUE,Title,Default Title,,,,,EA-BA-BV-001,78000,shopify,10,deny,manual,835.00,,TRUE,TRUE,,https://enviroaqua.com.au/wp-content/uploads/2024/10/stone-basin-cabinet-1.png,1,1200mm Freestanding Vanity + Stone Basin Top — White PVC (tap/drainage not included),FALSE,"Rimless Modern Ceramic Toilet — 2-Piece P-Trap,… | Enviro Aqua",Rimless soft-close toilets — WELS-rated and WaterMark-certified.,active
1200mm-freestanding-vanity-stone-basin-top-white-pvc-tap-drainage-not-included,,,,,,,,,,,,,,,,,,,,,,,,,https://enviroaqua.com.au/wp-content/uploads/2024/10/stone-basin-cabinet-2.png,2,1200mm Freestanding Vanity + Stone Basin Top — White PVC (tap/drainage not included),,,,
1200mm-freestanding-vanity-stone-basin-top-white-pvc-tap-drainage-not-included,,,,,,,,,,,,,,,,,,,,,,,,,https://enviroaqua.com.au/wp-content/uploads/2024/10/stone-basin-cabinet-3.png,3,1200mm Freestanding Vanity + Stone Basin Top — White PVC (tap/drainage not included),,,,
600mm-freestanding-vanity-ceramic-basin-top-white-pvc-tap-drainage-not-included,600mm Freestanding Vanity + Ceramic Basin Top — White PVC (tap/drainage not included),"<p>Counter-top basins, vessel sinks and complete vanity units with stone or ceramic tops.</p>",Enviro Aqua,,Bathroom Fixture,"bathroom basin, australia",TRUE,Title,Default Title,,,,,EA-BA-BV-002,42000,shopify,10,deny,manual,399.00,,TRUE,TRUE,,https://enviroaqua.com.au/wp-content/uploads/2024/10/vanity_cabinet_1.png,1,600mm Freestanding Vanity + Ceramic Basin Top — White PVC (tap/drainage not included),FALSE,1200mm Freestanding Vanity + Stone Basin Top —… | Enviro Aqua,Modern bathroom basins and vanities in ceramic and stone.,active
600mm-freestanding-vanity-ceramic-basin-top-white-pvc-tap-drainage-not-included,,,,,,,,,,,,,,,,,,,,,,,,,https://enviroaqua.com.au/wp-content/uploads/2024/10/vanity_cabinet_2.png,2,600mm Freestanding Vanity + Ceramic Basin Top — White PVC (tap/drainage not included),,,,
tile-insert-floor-drain-115mm-square-100mm-waste-outlet,"Tile Insert Floor Drain — 115mm Square, 100mm Waste Outlet","<p>Water-saving rainfall shower sets and tile-insert floor drains, WELS-rated.</p><h3>Specifications</h3><ul><li><strong>Finish:</strong> Polished Chrome, Stainless Steel</li></ul>",Enviro Aqua,,Bathroom Fixture,"shower set, australia",TRUE,Title,Default Title,,,,,EA-BA-SD-002,950,shopify,10,deny,manual,52.95,,TRUE,TRUE,,https://enviroaqua.com.au/wp-content/uploads/2024/10/1-1.png,1,"Tile Insert Floor Drain — 115mm Square, 100mm Waste Outlet",FALSE,600mm Freestanding Vanity + Ceramic Basin Top —… | Enviro Aqua,Modern bathroom basins and vanities in ceramic and stone.,active
tile-insert-floor-drain-115mm-square-100mm-waste-outlet,,,,,,,,,,,,,,,,,,,,,,,,,https://enviroaqua.com.au/wp-content/uploads/2024/10/2-1.png,2,"Tile Insert Floor Drain — 115mm Square, 100mm Waste Outlet",,,,
wall-mounted-bath-spout-shower-mixer-round-chrome-wels-rated,"Wall-Mounted Bath Spout & Shower Mixer — Round Chrome, WELS Rated","<p>WELS-rated bathroom mixer taps in contemporary finishes. Basin mixers, wall-mounted spouts and tall vessel-basin variants.</p><h3>Specifications</h3><ul><li><strong>Certifications:</strong> WaterMark, WELS</li><li><strong>Finish:</strong> Polished Chrome</li></ul>",Enviro Aqua,,Bathroom Fixture,"bathroom tap, watermark certified, wels rated, australia, commercial",TRUE,Title,Default Title,,,,,EA-BA-TP2-001,2000,shopify,10,deny,manual,58.50,,TRUE,TRUE,,https://enviroaqua.com.au/wp-content/uploads/2024/10/wall_basin_tap_1.png,1,"Wall-Mounted Bath Spout & Shower Mixer — Round Chrome, WELS Rated",FALSE,"Tile Insert Floor Drain — 115mm Square, 100mm Waste… | Enviro Aqua",Water-saving shower sets and tile-insert floor drains.,active
wall-mounted-bath-spout-shower-mixer-round-chrome-wels-rated,,,,,,,,,,,,,,,,,,,,,,,,,https://enviroaqua.com.au/wp-content/uploads/2024/10/wall_basin_tap_2.png,2,"Wall-Mounted Bath Spout & Shower Mixer — Round Chrome, WELS Rated",,,,
commercial-reverse-osmosis-desalination-plant-1500-lpd-400-gpd,Commercial Reverse Osmosis Desalination Plant — 1500 LPD / 400 GPD,"<p>Reverse osmosis is the only residential filtration technology that meaningfully reduces fluoride, PFAS, TDS and dissolved minerals. For households concerned about water purity at the highest level.</p><h3>Specifications</h3><ul><li><strong>Flow rate:</strong> 1500 LPD</li><li><strong>Filtration media:</strong> Reverse Osmosis</li><li><strong>Reduces:</strong> tds / dissolved solids</li></ul><h3>Why this filter</h3><ul><li>Reduces fluoride, PFAS, lead, arsenic and dissolved solids up to 99%</li><li>Multi-stage filtration with sediment, carbon and RO membrane</li><li>Dedicated filtered-water tap — pair with our 3-way RO mixers</li><li>Pressure-tank storage for on-demand flow</li><li>Commercial RO desalination available for bore/brackish supplies</li></ul><h3>Installation</h3><p>Professional plumber recommended. Systems come pre-assembled with all fittings; installation typically takes 2–3 hours including a new tap-hole.</p>",Enviro Aqua,Home & Garden > Kitchen & Dining > Kitchen Appliances > Water Filters,Water Filter,"reverse osmosis system, australia, commercial",TRUE,Title,Default Title,,,,,EA-WF-RO-001,140000,shopify,10,deny,manual,940.00,,TRUE,TRUE,,https://enviroaqua.com.au/wp-content/uploads/2020/07/400-GPD-RO.png,1,Commercial Reverse Osmosis Desalination Plant — 1500 LPD / 400 GPD,FALSE,Wall-Mounted Bath Spout & Shower Mixer — Round… | Enviro Aqua,"WELS-rated bathroom mixer taps in chrome, black and gold.",active
commercial-reverse-osmosis-desalination-plant-1500-lpd-400-gpd,,,,,,,,,,,,,,,,,,,,,,,,,https://enviroaqua.com.au/wp-content/uploads/2020/07/400-GPD-RO-1.jpg,2,Commercial Reverse Osmosis Desalination Plant — 1500 LPD / 400 GPD,,,,
5-stage-reverse-osmosis-under-sink-system-with-3-way-tap,5-Stage Reverse Osmosis Under Sink System with 3-Way Tap,"<p>Reverse osmosis is the only residential filtration technology that meaningfully reduces fluoride, PFAS, TDS and dissolved minerals. For households concerned about water purity at the highest level.</p><h3>Specifications</h3><ul><li><strong>5-stage filtration</strong></li><li><strong>Filtration rating:</strong> 0.0001 micron</li><li><strong>Filtration media:</strong> Sediment (PP), Reverse Osmosis</li><li><strong>Reduces:</strong> sediment, chlorine, heavy metals, taste &amp; odour, tds / dissolved solids</li></ul><h3>Why this filter</h3><ul><li>Reduces fluoride, PFAS, lead, arsenic and dissolved solids up to 99%</li><li>Multi-stage filtration with sediment, carbon and RO membrane</li><li>Dedicated filtered-water tap — pair with our 3-way RO mixers</li><li>Pressure-tank storage for on-demand flow</li><li>Commercial RO desalination available for bore/brackish supplies</li></ul><h3>Installation</h3><p>Professional plumber recommended. Systems come pre-assembled with all fittings; installation typically takes 2–3 hours including a new tap-hole.</p>",Enviro Aqua,Home & Garden > Kitchen & Dining > Kitchen Appliances > Water Filters > Under-Sink Water Filters,Water Filter,"5 stage filter, reverse osmosis system, australia",TRUE,Title,Default Title,,,,,EA-WF-RO-005,12000,shopify,10,deny,manual,599.95,,TRUE,TRUE,,https://enviroaqua.com.au/wp-content/uploads/2021/10/RO3Way.jpg,1,5-Stage Reverse Osmosis Under Sink System with 3-Way Tap,FALSE,5-Stage Reverse Osmosis Under Sink System with… | Enviro Aqua,"Reduces fluoride, PFAS and TDS up to 99% — multi-stage RO drinking water. 1500 LPD. Shop Enviro Aqua — Australia-wide delivery.",active
under-sink-reverse-osmosis-system-4-stage,Under Sink Reverse Osmosis System — 4 Stage,"<p>Reverse osmosis is the only residential filtration technology that meaningfully reduces fluoride, PFAS, TDS and dissolved minerals. For households concerned about water purity at the highest level.</p><h3>Specifications</h3><ul><li><strong>4-stage filtration</strong></li><li><strong>Filtration rating:</strong> 0.0001 micron</li><li><strong>Filtration media:</strong> Sediment (PP), Carbon Block (CTO), Reverse Osmosis</li><li><strong>Reduces:</strong> sediment, chlorine, heavy metals, taste &amp; odour, tds / dissolved solids</li><li><strong>Finish:</strong> Stainless Steel</li></ul><h3>Why this filter</h3><ul><li>Reduces fluoride, PFAS, lead, arsenic and dissolved solids up to 99%</li><li>Multi-stage filtration with sediment, carbon and RO membrane</li><li>Dedicated filtered-water tap — pair with our 3-way RO mixers</li><li>Pressure-tank storage for on-demand flow</li><li>Commercial RO desalination available for bore/brackish supplies</li></ul><h3>Installation</h3><p>Professional plumber recommended. Systems come pre-assembled with all fittings; installation typically takes 2–3 hours including a new tap-hole.</p>",Enviro Aqua,Home & Garden > Kitchen & Dining > Kitchen Appliances > Water Filters > Under-Sink Water Filters,Water Filter,"4 stage filter, reverse osmosis system, australia",TRUE,Title,Default Title,,,,,EA-WF-RO-007,10500,shopify,10,deny,manual,209.95,,TRUE,TRUE,,https://enviroaqua.com.au/wp-content/uploads/2025/01/four_stage_undersink.png,1,Under Sink Reverse Osmosis System — 4 Stage,FALSE,Under Sink Reverse Osmosis System — 4 Stage | Enviro Aqua,"Reduces fluoride, PFAS and TDS up to 99% — multi-stage RO drinking water. 5-stage. Shop Enviro Aqua — Australia-wide delivery.",active
under-sink-reverse-osmosis-system-5-stage,Under Sink Reverse Osmosis System — 5 Stage,"<p>Reverse osmosis is the only residential filtration technology that meaningfully reduces fluoride, PFAS, TDS and dissolved minerals. For households concerned about water purity at the highest level.</p><h3>Specifications</h3><ul><li><strong>5-stage filtration</strong></li><li><strong>Filtration rating:</strong> 5 micron</li><li><strong>Filtration media:</strong> Sediment (PP), Carbon Block (CTO), Granular Activated Carbon (GAC), Reverse Osmosis, Fluoride Reduction</li><li><strong>Reduces:</strong> sediment, chlorine, fluoride, heavy metals, taste &amp; odour, tds / dissolved solids</li><li><strong>Finish:</strong> Stainless Steel</li></ul><h3>Why this filter</h3><ul><li>Reduces fluoride, PFAS, lead, arsenic and dissolved solids up to 99%</li><li>Multi-stage filtration with sediment, carbon and RO membrane</li><li>Dedicated filtered-water tap — pair with our 3-way RO mixers</li><li>Pressure-tank storage for on-demand flow</li><li>Commercial RO desalination available for bore/brackish supplies</li></ul><h3>Installation</h3><p>Professional plumber recommended. Systems come pre-assembled with all fittings; installation typically takes 2–3 hours including a new tap-hole.</p>",Enviro Aqua,Home & Garden > Kitchen & Dining > Kitchen Appliances > Water Filters > Under-Sink Water Filters,Water Filter,"5 stage filter, reverse osmosis system, australia",TRUE,Title,Default Title,,,,,EA-WF-RO-008,11500,shopify,10,deny,manual,259.95,,TRUE,TRUE,,https://enviroaqua.com.au/wp-content/uploads/2025/01/five_stage_undersink.png,1,Under Sink Reverse Osmosis System — 5 Stage,FALSE,Under Sink Reverse Osmosis System — 5 Stage | Enviro Aqua,"Reduces fluoride, PFAS and TDS up to 99% — multi-stage RO drinking water. 4-stage. Shop Enviro Aqua — Australia-wide delivery.",active
